{"cameraMode":{"drawMode":0,"name":"Shaded","section":"Shading Mode"},"sceneLighting":false,"audioPlay":false,"sceneViewState":{"showFog":true,"showMaterialUpdate":false,"showSkybox":false,"showFlares":true,"showImageEffects":true,"showParticleSystems":true},"in2DMode":false,"pivot":{"x":0.049752794206142429,"y":0.043567806482315066,"z":-1.665793776512146},"rotation":{"x":-0.0006514868000522256,"y":-0.9991483092308044,"z":0.037795521318912509,"w":-0.017382869496941568},"size":2.4815917015075685,"orthographic":false}