{"cameraMode":{"drawMode":0,"name":"Shaded","section":"Shading Mode"},"sceneLighting":true,"audioPlay":false,"sceneViewState":{"showFog":true,"showMaterialUpdate":false,"showSkybox":true,"showFlares":true,"showImageEffects":true,"showParticleSystems":true},"in2DMode":false,"pivot":{"x":573.3771362304688,"y":367.009521484375,"z":78.7052001953125},"rotation":{"x":-0.10660505294799805,"y":-0.005372241605073214,"z":0.0005760368658229709,"w":-0.9942877292633057},"size":1192.78955078125,"orthographic":false}