{"cameraMode":{"drawMode":0,"name":"Shaded","section":"Shading Mode"},"sceneLighting":false,"audioPlay":false,"sceneViewState":{"showFog":true,"showMaterialUpdate":false,"showSkybox":false,"showFlares":true,"showImageEffects":true,"showParticleSystems":true},"in2DMode":false,"pivot":{"x":-0.09999999403953552,"y":0.18000000715255738,"z":0.06000000238418579},"rotation":{"x":-0.15215061604976655,"y":0.79697585105896,"z":-0.2246997356414795,"w":-0.5396382808685303},"size":1.5815919637680054,"orthographic":false}