{"cameraMode":{"drawMode":0,"name":"Shaded","section":"Shading Mode"},"sceneLighting":true,"audioPlay":false,"sceneViewState":{"showFog":true,"showMaterialUpdate":false,"showSkybox":true,"showFlares":true,"showImageEffects":true,"showParticleSystems":true},"in2DMode":false,"pivot":{"x":68.12968444824219,"y":14.911457061767579,"z":-45.05031967163086},"rotation":{"x":-0.2349986732006073,"y":0.6589722037315369,"z":-0.22774122655391694,"w":-0.6775935888290405},"size":1.5346500873565674,"orthographic":false}