{"cameraMode":{"drawMode":0,"name":"Shaded","section":"Shading Mode"},"sceneLighting":true,"audioPlay":false,"sceneViewState":{"showFog":true,"showMaterialUpdate":true,"showSkybox":true,"showFlares":true,"showImageEffects":true,"showParticleSystems":true},"in2DMode":false,"pivot":{"x":-2.4772117137908937,"y":0.07183101028203964,"z":2.6287567615509035},"rotation":{"x":0.1116507351398468,"y":-0.6831600666046143,"z":0.10767728090286255,"w":0.7137973308563232},"size":4.9802565574646,"orthographic":false}