{"cameraMode":{"drawMode":0,"name":"Shaded","section":"Shading Mode"},"sceneLighting":false,"audioPlay":false,"sceneViewState":{"showFog":true,"showMaterialUpdate":true,"showSkybox":false,"showFlares":true,"showImageEffects":true,"showParticleSystems":true},"in2DMode":false,"pivot":{"x":-0.03927376866340637,"y":0.3157142996788025,"z":-0.3315020799636841},"rotation":{"x":0.09055767953395844,"y":0.8973361253738403,"z":-0.3747352957725525,"w":0.21544519066810609},"size":2.937034845352173,"orthographic":false}