{"cameraMode":{"drawMode":0,"name":"Shaded","section":"Shading Mode"},"sceneLighting":true,"audioPlay":false,"sceneViewState":{"showFog":true,"showMaterialUpdate":true,"showSkybox":true,"showFlares":true,"showImageEffects":true,"showParticleSystems":true},"in2DMode":false,"pivot":{"x":5.5609540939331059,"y":-2.225494384765625,"z":-6.62656307220459},"rotation":{"x":-0.22313006222248078,"y":-0.715660810470581,"z":0.2613312005996704,"w":-0.6083303093910217},"size":25.96765899658203,"orthographic":false}