{"cameraMode":{"drawMode":0,"name":"Shaded","section":"Shading Mode"},"sceneLighting":false,"audioPlay":false,"sceneViewState":{"showFog":true,"showMaterialUpdate":false,"showSkybox":false,"showFlares":true,"showImageEffects":true,"showParticleSystems":true},"in2DMode":false,"pivot":{"x":-4.979940414428711,"y":-3.7826356887817385,"z":3.445429563522339},"rotation":{"x":-0.25089186429977419,"y":0.4478955566883087,"z":-0.13259777426719666,"w":-0.8478997349739075},"size":7.678989410400391,"orthographic":false}