{"cameraMode":{"drawMode":0,"name":"Shaded","section":"Shading Mode"},"sceneLighting":true,"audioPlay":false,"sceneViewState":{"showFog":true,"showMaterialUpdate":true,"showSkybox":true,"showFlares":true,"showImageEffects":true,"showParticleSystems":true},"in2DMode":false,"pivot":{"x":1.1006933450698853,"y":-0.8781359195709229,"z":-10.942360877990723},"rotation":{"x":-0.07940776646137238,"y":-0.9211091995239258,"z":0.28293460607528689,"w":-0.2559628188610077},"size":4.995859146118164,"orthographic":false}