{"cameraMode":{"drawMode":0,"name":"Shaded","section":"Shading Mode"},"sceneLighting":true,"audioPlay":false,"sceneViewState":{"showFog":true,"showMaterialUpdate":false,"showSkybox":true,"showFlares":true,"showImageEffects":true,"showParticleSystems":true},"in2DMode":false,"pivot":{"x":-10.90351676940918,"y":-7.700470924377441,"z":-6.595433235168457},"rotation":{"x":-0.1320144683122635,"y":0.8429222702980042,"z":-0.24038706719875337,"w":-0.46289944648742678},"size":24.55624771118164,"orthographic":false}