{"cameraMode":{"drawMode":0,"name":"Shaded","section":"Shading Mode"},"sceneLighting":false,"audioPlay":false,"sceneViewState":{"showFog":true,"showMaterialUpdate":true,"showSkybox":false,"showFlares":true,"showImageEffects":true,"showParticleSystems":true},"in2DMode":false,"pivot":{"x":-0.7201980352401733,"y":-5.118123531341553,"z":-15.924752235412598},"rotation":{"x":0.0040603806264698509,"y":-0.9806526303291321,"z":0.19494415819644929,"w":0.02303389087319374},"size":20.261615753173829,"orthographic":false}