{"cameraMode":{"drawMode":0,"name":"Shaded","section":"Shading Mode"},"sceneLighting":true,"audioPlay":false,"sceneViewState":{"showFog":true,"showMaterialUpdate":true,"showSkybox":true,"showFlares":true,"showImageEffects":true,"showParticleSystems":true},"in2DMode":false,"pivot":{"x":0.3829883635044098,"y":-4.680192947387695,"z":3.851494789123535},"rotation":{"x":-0.024811672046780587,"y":-0.8508650064468384,"z":0.5236492156982422,"w":-0.03904707729816437},"size":12.071322441101075,"orthographic":false}