{"cameraMode":{"drawMode":0,"name":"Shaded","section":"Shading Mode"},"sceneLighting":false,"audioPlay":false,"sceneViewState":{"showFog":true,"showMaterialUpdate":true,"showSkybox":false,"showFlares":true,"showImageEffects":true,"showParticleSystems":true},"in2DMode":false,"pivot":{"x":-0.3400000035762787,"y":0.29499998688697817,"z":-1.2549999952316285},"rotation":{"x":0.12175193428993225,"y":-0.6000291109085083,"z":0.09369569271802902,"w":0.7852575182914734},"size":1.9992252588272095,"orthographic":false}