{"cameraMode":{"drawMode":0,"name":"Shaded","section":"Shading Mode"},"sceneLighting":false,"audioPlay":false,"sceneViewState":{"showFog":true,"showMaterialUpdate":true,"showSkybox":false,"showFlares":true,"showImageEffects":true,"showParticleSystems":true},"in2DMode":false,"pivot":{"x":-0.06038894131779671,"y":-0.13004513084888459,"z":-1.0127578973770142},"rotation":{"x":-0.011660299263894558,"y":0.9877709746360779,"z":-0.12336020916700363,"w":-0.09543116390705109},"size":1.5815919637680054,"orthographic":false}