{"cameraMode":{"drawMode":0,"name":"Shaded","section":"Shading Mode"},"sceneLighting":false,"audioPlay":false,"sceneViewState":{"showFog":true,"showMaterialUpdate":false,"showSkybox":false,"showFlares":true,"showImageEffects":true,"showParticleSystems":true},"in2DMode":false,"pivot":{"x":0.1980000138282776,"y":0.7260000109672546,"z":1.1649999618530274},"rotation":{"x":-0.05369555205106735,"y":0.7729954719543457,"z":-0.6286924481391907,"w":-0.06601720303297043},"size":1.237500548362732,"orthographic":false}