{"cameraMode":{"drawMode":0,"name":"Shaded","section":"Shading Mode"},"sceneLighting":false,"audioPlay":false,"sceneViewState":{"showFog":true,"showMaterialUpdate":true,"showSkybox":false,"showFlares":true,"showImageEffects":true,"showParticleSystems":true},"in2DMode":false,"pivot":{"x":-0.3400000035762787,"y":0.29499998688697817,"z":-1.2549999952316285},"rotation":{"x":0.16573375463485719,"y":0.12249194830656052,"z":-0.020177971571683885,"w":0.9784595966339111},"size":1.9992252588272095,"orthographic":false}