{"cameraMode":{"drawMode":0,"name":"Shaded","section":"Shading Mode"},"sceneLighting":false,"audioPlay":false,"sceneViewState":{"showFog":true,"showMaterialUpdate":false,"showSkybox":false,"showFlares":true,"showImageEffects":true,"showParticleSystems":true},"in2DMode":false,"pivot":{"x":5.960464477539063e-8,"y":5.960464477539063e-8,"z":1.4901161193847657e-8},"rotation":{"x":0.0716429129242897,"y":0.02303735911846161,"z":-0.001601305790245533,"w":0.9972078800201416},"size":3.8451130390167238,"orthographic":false}