{"cameraMode":{"drawMode":0,"name":"Shaded","section":"Shading Mode"},"sceneLighting":false,"audioPlay":false,"sceneViewState":{"showFog":true,"showMaterialUpdate":true,"showSkybox":false,"showFlares":true,"showImageEffects":true,"showParticleSystems":true},"in2DMode":false,"pivot":{"x":0.3121946156024933,"y":-1.8913664817810059,"z":-1.6520540714263917},"rotation":{"x":-0.03554125502705574,"y":-0.905086874961853,"z":0.4169595241546631,"w":-0.07668408006429672},"size":2.8578836917877199,"orthographic":false}