{"cameraMode":{"drawMode":0,"name":"Shaded","section":"Shading Mode"},"sceneLighting":false,"audioPlay":false,"sceneViewState":{"showFog":true,"showMaterialUpdate":true,"showSkybox":false,"showFlares":true,"showImageEffects":true,"showParticleSystems":true},"in2DMode":false,"pivot":{"x":1.8414310216903687,"y":0.3768947720527649,"z":1.8771717548370362},"rotation":{"x":0.129392609000206,"y":-0.7741151452064514,"z":0.16869819164276124,"w":0.5964418053627014},"size":0.5467802882194519,"orthographic":false}